x0,y0,z0,x1,y1,z1,x2,y2,z2,x3,y3,z3,x4,y4,z4,x5,y5,z5,x6,y6,z6,x7,y7,z7,x8,y8,z8,x9,y9,z9,x10,y10,z10,x11,y11,z11,x12,y12,z12,x13,y13,z13,x14,y14,z14,x15,y15,z15,x16,y16,z16,x17,y17,z17,x18,y18,z18,x19,y19,z19,x20,y20,z20,label
0.8235639333724976,0.6403118371963501,2.6843199663062478e-08,0.7782653570175171,0.5611783266067505,0.005958856549113989,0.7191789746284485,0.5072667598724365,-0.0054538920521736145,0.6569064855575562,0.5019564628601074,-0.019685816019773483,0.6139845252037048,0.5038340091705322,-0.034319717437028885,0.7123059034347534,0.42247194051742554,-0.029439548030495644,0.6241522431373596,0.40715962648391724,-0.058878958225250244,0.5692499279975891,0.39523279666900635,-0.08110393583774567,0.5238512754440308,0.38379836082458496,-0.09628055989742279,0.7169737815856934,0.4685215651988983,-0.04678424075245857,0.6097196340560913,0.45068976283073425,-0.07303566485643387,0.5489367842674255,0.43656405806541443,-0.08951538056135178,0.5029863715171814,0.42249321937561035,-0.10326838493347168,0.7184975147247314,0.5271909236907959,-0.06138293445110321,0.6213852167129517,0.5456587076187134,-0.07991741597652435,0.6440953016281128,0.5725640058517456,-0.0677499920129776,0.674849808216095,0.5770072937011719,-0.057084959000349045,0.7174855470657349,0.5909779667854309,-0.07595604658126831,0.641674280166626,0.6024173498153687,-0.08482643216848373,0.6591630578041077,0.6187896728515625,-0.07047292590141296,0.6850330829620361,0.6165377497673035,-0.058270473033189774,H
0.7691141963005066,0.7368301749229431,2.646808923145727e-07,0.7263972163200378,0.6374745965003967,0.006286821328103542,0.6511467099189758,0.5839788317680359,-0.0045812237076461315,0.5830954313278198,0.5929063558578491,-0.018430421128869057,0.5437628030776978,0.6298157572746277,-0.03486961871385574,0.6308544874191284,0.5275267958641052,-0.03515506163239479,0.5309720039367676,0.5150025486946106,-0.06198836490511894,0.4731149673461914,0.5044537782669067,-0.07938235998153687,0.4252966642379761,0.4945986270904541,-0.08979029208421707,0.6278219819068909,0.5892670750617981,-0.053675469011068344,0.5178554058074951,0.5683922171592712,-0.07589200139045715,0.4550793468952179,0.5540195107460022,-0.08553756773471832,0.406083881855011,0.541903018951416,-0.09291379898786545,0.6270639896392822,0.6609418392181396,-0.06906630843877792,0.5298970341682434,0.6693383455276489,-0.09023451060056686,0.5584561228752136,0.682497501373291,-0.07947201281785965,0.5931870341300964,0.6864131689071655,-0.06725525856018066,0.6289486885070801,0.736667811870575,-0.08369892090559006,0.5569507479667664,0.7305120229721069,-0.0945100262761116,0.5810447931289673,0.734600305557251,-0.07837805896997452,0.6106973886489868,0.7322923541069031,-0.06343882530927658,H
0.7479079365730286,0.8260924816131592,3.318039318855881e-07,0.708057701587677,0.7346532344818115,-0.0034290689509361982,0.6311715841293335,0.6885532140731812,-0.017484603449702263,0.5586210489273071,0.7039180397987366,-0.03163142129778862,0.5185884237289429,0.7475701570510864,-0.04769368842244148,0.6078342199325562,0.6443157196044922,-0.0505925714969635,0.499016135931015,0.6459882259368896,-0.07553637027740479,0.4405358135700226,0.644435703754425,-0.08982113003730774,0.3905678391456604,0.64112389087677,-0.09831802546977997,0.605664074420929,0.7135797142982483,-0.06281919777393341,0.48750436305999756,0.7109642028808594,-0.0846564993262291,0.4191676676273346,0.7013951539993286,-0.09279929846525192,0.36531853675842285,0.6928852796554565,-0.09954116493463516,0.6069011092185974,0.7880355715751648,-0.07177693396806717,0.5090278387069702,0.7895933985710144,-0.09289654344320297,0.5386356711387634,0.7914345264434814,-0.08155131340026855,0.5732215642929077,0.7948026061058044,-0.06880701333284378,0.6112629771232605,0.8611673712730408,-0.08073020726442337,0.5418010950088501,0.8438761234283447,-0.09297700971364975,0.5635964274406433,0.8380938768386841,-0.07891551405191422,0.5897119641304016,0.8367988467216492,-0.06533496081829071,H
0.7664989233016968,0.6795397996902466,7.434588411570076e-08,0.7246718406677246,0.5954894423484802,0.009857759810984135,0.6628949046134949,0.5468857288360596,-0.001397531246766448,0.599193811416626,0.5580223202705383,-0.016344822943210602,0.5611074566841125,0.5831503868103027,-0.03276645392179489,0.6469329595565796,0.4782748222351074,-0.03203645348548889,0.5512930154800415,0.47130313515663147,-0.06036173552274704,0.4955492317676544,0.46651047468185425,-0.08013090491294861,0.44890809059143066,0.46168220043182373,-0.09346005320549011,0.6490265130996704,0.5267189741134644,-0.05100548639893532,0.540840208530426,0.5176144242286682,-0.07625363022089005,0.47882080078125,0.5093957781791687,-0.09215974807739258,0.429801344871521,0.5011477470397949,-0.10561686009168625,0.6491824984550476,0.5859427452087402,-0.06619393825531006,0.5533629059791565,0.6094585061073303,-0.0838949903845787,0.5841295719146729,0.6316567659378052,-0.07344167679548264,0.6163641214370728,0.6330509185791016,-0.06416452676057816,0.6487697958946228,0.6479344964027405,-0.08086619526147842,0.5820431709289551,0.6676912903785706,-0.08960266411304474,0.6056473255157471,0.6776360273361206,-0.07646173983812332,0.6320424675941467,0.6714953184127808,-0.06510794907808304,H
0.7523970603942871,0.7725978493690491,1.0900316027573353e-07,0.7123725414276123,0.6900619864463806,0.005889470223337412,0.6466993689537048,0.647179901599884,-0.004686538130044937,0.5783867239952087,0.6689516305923462,-0.017474135383963585,0.5384030938148499,0.7070695161819458,-0.03169189393520355,0.6227468252182007,0.5849984884262085,-0.033577147871255875,0.5226181745529175,0.5886324644088745,-0.05860283598303795,0.46566659212112427,0.5909494757652283,-0.07537533342838287,0.4176977276802063,0.5913366675376892,-0.08593910187482834,0.6196628212928772,0.6441618204116821,-0.049659501761198044,0.5081661343574524,0.6434841752052307,-0.07057415693998337,0.4464477300643921,0.641387403011322,-0.08244970440864563,0.3971591293811798,0.6362941265106201,-0.09217570722103119,0.6188609600067139,0.7090848088264465,-0.06220739707350731,0.5285309553146362,0.7276980876922607,-0.07944224774837494,0.5592694878578186,0.7422165870666504,-0.07008559256792068,0.5907151699066162,0.7439175844192505,-0.06028316169977188,0.6202142238616943,0.7757265567779541,-0.0742640346288681,0.5610728859901428,0.7830701470375061,-0.08187611401081085,0.5843001008033752,0.7883769869804382,-0.06784461438655853,0.6085395812988281,0.7838433980941772,-0.05516531318426132,H
0.7696837782859802,0.6792929172515869,9.107382936690556e-08,0.7251307964324951,0.5947889089584351,0.009148050099611282,0.6616658568382263,0.5472515821456909,-0.00032082266989164054,0.5984036326408386,0.560879111289978,-0.01373233925551176,0.564376950263977,0.592495858669281,-0.028174590319395065,0.6461832523345947,0.4810446500778198,-0.02478140965104103,0.5562323331832886,0.47375306487083435,-0.0518832728266716,0.5008713603019714,0.4692056179046631,-0.07155046612024307,0.4545218050479889,0.4650726616382599,-0.0845494270324707,0.6467744708061218,0.5293526649475098,-0.04362264275550842,0.5439371466636658,0.5170605778694153,-0.0668671652674675,0.48206469416618347,0.5089526176452637,-0.08180933445692062,0.43230339884757996,0.5013638734817505,-0.0939163789153099,0.6479908227920532,0.5871294736862183,-0.05953322350978851,0.554805338382721,0.6082884669303894,-0.07790118455886841,0.5816822648048401,0.6311342716217041,-0.06913837045431137,0.6130778789520264,0.6339802742004395,-0.060083162039518356,0.6499344110488892,0.6489093899726868,-0.07498104125261307,0.5834379196166992,0.6665465831756592,-0.08306533098220825,0.6038624048233032,0.6760170459747314,-0.07021395117044449,0.6290449500083923,0.6686927080154419,-0.05898285284638405,H
0.8447691798210144,0.5874918699264526,7.56804041657233e-08,0.7995103001594543,0.49966657161712646,0.0033560481388121843,0.74017333984375,0.43264585733413696,-0.009467274881899357,0.6810210943222046,0.4245087504386902,-0.026797538623213768,0.6465290784835815,0.4462045133113861,-0.04455667734146118,0.7395553588867188,0.3493432104587555,-0.02433657832443714,0.6455747485160828,0.33066561818122864,-0.05393429473042488,0.5888152718544006,0.31875842809677124,-0.07553493976593018,0.5426750779151917,0.31091880798339844,-0.09072749316692352,0.7442726492881775,0.38950833678245544,-0.04415194317698479,0.6348150968551636,0.36564064025878906,-0.0737314373254776,0.5682015419006348,0.35098138451576233,-0.09329935908317566,0.5174628496170044,0.3377048075199127,-0.10859030485153198,0.7452125549316406,0.4479059875011444,-0.0623028427362442,0.6368188858032227,0.46532225608825684,-0.08558648079633713,0.6609957814216614,0.4993850290775299,-0.07672837376594543,0.6943991780281067,0.5064870715141296,-0.06753256916999817,0.7418947219848633,0.5154547691345215,-0.08100206404924393,0.6623498797416687,0.5354634523391724,-0.09456464648246765,0.6829464435577393,0.5499821305274963,-0.08403827250003815,0.7124868631362915,0.543843150138855,-0.07444553822278976,H
0.9014256000518799,0.509400486946106,-5.734969832360548e-08,0.8510481715202332,0.4333903193473816,0.0005132111255079508,0.797569215297699,0.36872291564941406,-0.013077042065560818,0.7387880682945251,0.3559460937976837,-0.03061125986278057,0.7026451826095581,0.3585503399372101,-0.04845859482884407,0.8115485906600952,0.25872546434402466,-0.02511834166944027,0.7181264162063599,0.2323150336742401,-0.05662868171930313,0.6629493236541748,0.21244360506534576,-0.08167611062526703,0.6165035963058472,0.19375038146972656,-0.10001734644174576,0.8203369975090027,0.2906653881072998,-0.04319589212536812,0.7126465439796448,0.2714281380176544,-0.07575002312660217,0.6472978591918945,0.2490362524986267,-0.09821044653654099,0.5946863889694214,0.22545503079891205,-0.11623941361904144,0.8220331072807312,0.34145912528038025,-0.06004443019628525,0.7201176285743713,0.3780606985092163,-0.0826127678155899,0.7403156757354736,0.4168596565723419,-0.07471271604299545,0.7699364423751831,0.4243757724761963,-0.06793353706598282,0.8175668716430664,0.40117770433425903,-0.07840033620595932,0.7408226728439331,0.43705976009368896,-0.09250868111848831,0.757746696472168,0.4612712860107422,-0.08379841595888138,0.7857580780982971,0.4595012068748474,-0.07632149010896683,H
0.7505485415458679,0.7768279314041138,1.9164258446835447e-07,0.7096190452575684,0.6864597797393799,0.0025747453328222036,0.6388808488845825,0.6358002424240112,-0.012662837281823158,0.5675535202026367,0.6645012497901917,-0.029382511973381042,0.5258867144584656,0.7066887617111206,-0.04801960662007332,0.6180019974708557,0.5734673738479614,-0.045199885964393616,0.5141541957855225,0.574088454246521,-0.07252917438745499,0.4561256766319275,0.5742501616477966,-0.09013092517852783,0.40573394298553467,0.5709396004676819,-0.1014915406703949,0.6182162165641785,0.6414576172828674,-0.06202647462487221,0.4985261857509613,0.6370766162872314,-0.0864051878452301,0.4314078688621521,0.631565272808075,-0.09929535537958145,0.3763250708580017,0.6249608993530273,-0.1102021187543869,0.6186978816986084,0.714142918586731,-0.07469557970762253,0.518807590007782,0.7252023816108704,-0.0959845781326294,0.5521329641342163,0.7355587482452393,-0.08447594940662384,0.5852681994438171,0.7362866997718811,-0.07260721921920776,0.620242714881897,0.7873571515083313,-0.08667701482772827,0.5493996739387512,0.7821919918060303,-0.0963694155216217,0.5749936103820801,0.7847887873649597,-0.07886654138565063,0.6021454334259033,0.7817586064338684,-0.06363103538751602,H
0.7451769709587097,0.7905377149581909,2.2069504268529272e-07,0.7074593901634216,0.692101240158081,0.008201944641768932,0.6426804661750793,0.6395664811134338,0.0006911703385412693,0.5798416137695312,0.6442474126815796,-0.009743045084178448,0.5422126054763794,0.683305561542511,-0.02234526537358761,0.6102094054222107,0.5911762118339539,-0.028274361044168472,0.507441520690918,0.588373064994812,-0.048730965703725815,0.4495203495025635,0.5870685577392578,-0.06175088882446289,0.4012536108493805,0.5849518179893494,-0.06924928724765778,0.600776731967926,0.6548777222633362,-0.043972596526145935,0.49058178067207336,0.6486339569091797,-0.06017601117491722,0.42629140615463257,0.6394286155700684,-0.0683727115392685,0.37665581703186035,0.6305055618286133,-0.07515659928321838,0.5960648655891418,0.7267734408378601,-0.056276123970746994,0.5060933232307434,0.7260450720787048,-0.07064522057771683,0.5332434773445129,0.7360093593597412,-0.060562219470739365,0.564426064491272,0.7425639033317566,-0.04982396215200424,0.5963649749755859,0.800728440284729,-0.06799668073654175,0.5337170958518982,0.7844140529632568,-0.07374320924282074,0.5543137788772583,0.7834950685501099,-0.05878864973783493,0.5782097578048706,0.7827576994895935,-0.0450151227414608,H
0.7449116110801697,0.6563075184822083,1.333227857003294e-07,0.7047052979469299,0.5658201575279236,0.008864553645253181,0.6411365866661072,0.5166529417037964,-0.0007529414142481983,0.5798826217651367,0.5239220261573792,-0.014035678468644619,0.5456719994544983,0.5595686435699463,-0.029448995366692543,0.6132793426513672,0.4584988057613373,-0.029080241918563843,0.5203042030334473,0.45667827129364014,-0.0550825297832489,0.4637267589569092,0.45454445481300354,-0.0735074132680893,0.4164693057537079,0.45342549681663513,-0.08550061285495758,0.6115309000015259,0.5131019949913025,-0.048144835978746414,0.5096511840820312,0.507219672203064,-0.0707470253109932,0.44730448722839355,0.5021008849143982,-0.08390557020902634,0.39796769618988037,0.4976394474506378,-0.09449893236160278,0.6114465594291687,0.5792232155799866,-0.06398297101259232,0.5200872421264648,0.5984402894973755,-0.08317843824625015,0.5469748973846436,0.614235520362854,-0.07422367483377457,0.5795387029647827,0.6170374155044556,-0.06458412855863571,0.6139001250267029,0.6488040685653687,-0.07911426573991776,0.5487189888954163,0.6594394445419312,-0.08924902230501175,0.5702117681503296,0.664515495300293,-0.07574732601642609,0.5970317125320435,0.6597039699554443,-0.06316813826560974,H
0.7760553956031799,0.5299597978591919,9.410679524535226e-08,0.7327172756195068,0.44305387139320374,0.009623056277632713,0.6691772937774658,0.3886614739894867,0.0006067618960514665,0.6072312593460083,0.3958836793899536,-0.013076327741146088,0.5726613402366638,0.4301079511642456,-0.02846960537135601,0.6452180743217468,0.31782087683677673,-0.022361701354384422,0.55243319272995,0.3125532865524292,-0.047344960272312164,0.4960964024066925,0.30966436862945557,-0.06440223753452301,0.4483383297920227,0.3081132173538208,-0.0756237730383873,0.6469464302062988,0.362459659576416,-0.04231462627649307,0.5430713295936584,0.3482069969177246,-0.06524182111024857,0.48069918155670166,0.3420742452144623,-0.07832373678684235,0.43126803636550903,0.3364565968513489,-0.08841404318809509,0.6480055451393127,0.4215213656425476,-0.05965452641248703,0.5525627732276917,0.4496518671512604,-0.07900455594062805,0.5777897834777832,0.4815021753311157,-0.07066302001476288,0.6093757748603821,0.4884885251522064,-0.0614132396876812,0.6483376026153564,0.48823365569114685,-0.07653261721134186,0.5795000791549683,0.5097656846046448,-0.08610216528177261,0.6016361117362976,0.5256962776184082,-0.07351114600896835,0.6291933059692383,0.52165687084198,-0.06204305961728096,H
0.7430351376533508,0.7676407098770142,1.6052271689659392e-07,0.7070786952972412,0.6770961284637451,0.004481163341552019,0.6388177275657654,0.627267599105835,-0.0044012353755533695,0.5718995928764343,0.636929988861084,-0.015718208625912666,0.5312610268592834,0.6751142144203186,-0.02906046062707901,0.6112698912620544,0.5646206140518188,-0.026826685294508934,0.5157390832901001,0.5590731501579285,-0.04812535643577576,0.4602574110031128,0.5557229518890381,-0.062119171023368835,0.4134349524974823,0.5534743666648865,-0.07060562819242477,0.6059064269065857,0.6249082684516907,-0.04264676570892334,0.5008198022842407,0.612500011920929,-0.05989407002925873,0.4447699189186096,0.6023486852645874,-0.06757361441850662,0.40030425786972046,0.5933079123497009,-0.07357098907232285,0.6047956943511963,0.6943895220756531,-0.05609959363937378,0.5148958563804626,0.6990854740142822,-0.07603097707033157,0.5415377020835876,0.7128517031669617,-0.06872890889644623,0.572871208190918,0.7201107144355774,-0.05875879153609276,0.6057665944099426,0.7673800587654114,-0.06883901357650757,0.5419601202011108,0.7582394480705261,-0.08055546134710312,0.5629738569259644,0.7635650038719177,-0.06810544431209564,0.5887633562088013,0.7647337317466736,-0.05557303875684738,H
0.6748461723327637,0.8158959150314331,2.3039729057927616e-07,0.6346682906150818,0.7239953875541687,0.008851243183016777,0.5703933238983154,0.675187349319458,0.0011444109259173274,0.5127353668212891,0.6785306930541992,-0.010226376354694366,0.47877445816993713,0.715020477771759,-0.024060409516096115,0.5370124578475952,0.6324248909950256,-0.027749668806791306,0.4348600208759308,0.6336139440536499,-0.04808361828327179,0.378389835357666,0.6351602077484131,-0.05997314304113388,0.3324170410633087,0.6368435621261597,-0.06627825647592545,0.5305604338645935,0.6932482123374939,-0.044872481375932693,0.42364516854286194,0.6893271207809448,-0.06299452483654022,0.3612152338027954,0.6837046146392822,-0.07130443304777145,0.3131512403488159,0.6783615946769714,-0.07692836225032806,0.5292233824729919,0.7628033757209778,-0.05872936174273491,0.4437496066093445,0.7725996375083923,-0.07632853090763092,0.47148528695106506,0.7813945412635803,-0.06777534633874893,0.5034151077270508,0.7848636507987976,-0.05684930086135864,0.5324715971946716,0.8353420495986938,-0.07169966399669647,0.47150611877441406,0.8265970349311829,-0.0800616517663002,0.4933950901031494,0.8258879780769348,-0.06557639688253403,0.5190516114234924,0.8239161968231201,-0.051431603729724884,H
0.7808490991592407,0.8094990849494934,1.268918055075119e-07,0.7454308271408081,0.7182878851890564,0.003925950266420841,0.6780788898468018,0.6670789122581482,-0.008232965134084225,0.6071069240570068,0.6851381063461304,-0.02218247577548027,0.5666986703872681,0.7218961715698242,-0.03762920945882797,0.6564444303512573,0.6064298152923584,-0.039166513830423355,0.556082010269165,0.6053940653800964,-0.06740187853574753,0.4988837242126465,0.603830099105835,-0.08754774928092957,0.4502139091491699,0.6000032424926758,-0.10068991035223007,0.654872477054596,0.6694480180740356,-0.0554942861199379,0.5423346161842346,0.6595232486724854,-0.07892736047506332,0.4762239158153534,0.6514217853546143,-0.0930454358458519,0.4233553409576416,0.6447323560714722,-0.10527898371219635,0.6541247367858887,0.7386695146560669,-0.06822711229324341,0.5535832643508911,0.7416744828224182,-0.08805837482213974,0.5838519930839539,0.7537716627120972,-0.07715101540088654,0.6184532046318054,0.7567682862281799,-0.06603717803955078,0.6549019813537598,0.8088697195053101,-0.08051928132772446,0.5821210741996765,0.8002842664718628,-0.09088336676359177,0.6034723520278931,0.8032715916633606,-0.07579023391008377,0.6307843923568726,0.8011599183082581,-0.06209779158234596,H
0.8383679986000061,0.6188724040985107,4.4710304791806266e-08,0.7930440306663513,0.5317151546478271,0.005483480170369148,0.7316033244132996,0.4739978015422821,-0.007173321209847927,0.6664087772369385,0.48100006580352783,-0.022934647276997566,0.6350753903388977,0.5024269819259644,-0.03969203680753708,0.7220214009284973,0.4008859694004059,-0.03339674323797226,0.6256315112113953,0.40358197689056396,-0.06212165579199791,0.5690116882324219,0.4006958603858948,-0.0831867903470993,0.5217006206512451,0.3958177864551544,-0.09860047698020935,0.7313287854194641,0.4500775933265686,-0.05186530202627182,0.6174854040145874,0.450531929731369,-0.07965608686208725,0.5500569343566895,0.44895413517951965,-0.09855952113866806,0.4996187090873718,0.4452786445617676,-0.11483683437108994,0.7358739376068115,0.5128730535507202,-0.06703556329011917,0.6234226822853088,0.535032331943512,-0.0875602662563324,0.6487824320793152,0.5637603998184204,-0.076411671936512,0.6827762722969055,0.5656241178512573,-0.06690911203622818,0.7365984320640564,0.5789471864700317,-0.08200131356716156,0.6531617641448975,0.6033439040184021,-0.09404415637254715,0.6745970249176025,0.6149972677230835,-0.08186234533786774,0.7041656970977783,0.6054644584655762,-0.07135102897882462,H
0.800145149230957,0.5075387954711914,3.667653913907998e-08,0.754820704460144,0.4203317165374756,0.003991627600044012,0.6918759942054749,0.35868027806282043,-0.006972466595470905,0.6303143501281738,0.35877424478530884,-0.021979231387376785,0.5967753529548645,0.38021695613861084,-0.03800621256232262,0.6756514310836792,0.273571252822876,-0.02097482606768608,0.5806509852409363,0.2707473933696747,-0.04739990830421448,0.5233246684074402,0.2634662985801697,-0.0669187381863594,0.47524338960647583,0.254916250705719,-0.08070783317089081,0.6814550161361694,0.31172648072242737,-0.0387992300093174,0.574598491191864,0.3104495406150818,-0.0650702714920044,0.5083816647529602,0.3067544102668762,-0.0825735479593277,0.45671772956848145,0.29958832263946533,-0.0959475040435791,0.685641348361969,0.3676832318305969,-0.05486646667122841,0.5831609964370728,0.4013245105743408,-0.07891543954610825,0.6091169118881226,0.44058310985565186,-0.0741192027926445,0.6432188153266907,0.44950106739997864,-0.06669662147760391,0.6872706413269043,0.4334314465522766,-0.07079895585775375,0.6115235686302185,0.47419512271881104,-0.08736932277679443,0.6313263773918152,0.4938545227050781,-0.08047990500926971,0.6601548194885254,0.4892929196357727,-0.0722125768661499,H
0.7978367805480957,0.42283540964126587,-1.1578514147458918e-07,0.7409270405769348,0.3453512191772461,0.014238759875297546,0.6785332560539246,0.29381483793258667,0.004145229235291481,0.6160481572151184,0.2968626320362091,-0.012349694967269897,0.579332172870636,0.3144321143627167,-0.02967582270503044,0.6614903807640076,0.18286600708961487,-0.01665799506008625,0.5607278347015381,0.18151983618736267,-0.047208040952682495,0.5017126798629761,0.17472290992736816,-0.07242418825626373,0.4508337378501892,0.16765367984771729,-0.09095845371484756,0.6704937815666199,0.2184327244758606,-0.04133214056491852,0.5558854341506958,0.22361353039741516,-0.07036514580249786,0.4873940348625183,0.22306178510189056,-0.09209897369146347,0.43245404958724976,0.21799379587173462,-0.1106780394911766,0.6759823560714722,0.27263790369033813,-0.06337147951126099,0.5727192163467407,0.31884071230888367,-0.08328413963317871,0.6030181050300598,0.3550507128238678,-0.07452796399593353,0.6368998885154724,0.3549819588661194,-0.06813447922468185,0.6783640384674072,0.33477887511253357,-0.08544702082872391,0.6042213439941406,0.38308966159820557,-0.0980386883020401,0.6284108757972717,0.4055999219417572,-0.08774052560329437,0.6581239700317383,0.3967565894126892,-0.07919782400131226,H
0.6989052295684814,0.6242097020149231,-2.9084345598562322e-08,0.6584539413452148,0.5298101305961609,0.011027415283024311,0.5953434109687805,0.47489213943481445,0.0026397756300866604,0.5361093282699585,0.4707472622394562,-0.009446676820516586,0.49597984552383423,0.5006635189056396,-0.024360191076993942,0.5694194436073303,0.41062164306640625,-0.02558586373925209,0.4711584746837616,0.40972432494163513,-0.046847354620695114,0.4147392809391022,0.415134072303772,-0.06093575060367584,0.3698027729988098,0.4175410270690918,-0.06979950517416,0.5677666068077087,0.4643915295600891,-0.04502272605895996,0.4593568444252014,0.46800756454467773,-0.06181461736559868,0.4005078673362732,0.47629207372665405,-0.0696345642209053,0.3569238781929016,0.4771966338157654,-0.07646788656711578,0.5677713751792908,0.5307124853134155,-0.06127837672829628,0.4782247245311737,0.5618470907211304,-0.0769408643245697,0.504624605178833,0.5814882516860962,-0.06981009244918823,0.5381850600242615,0.5831561088562012,-0.06276354938745499,0.5692258477210999,0.6034191250801086,-0.07649113982915878,0.5062992572784424,0.6214558482170105,-0.08619865775108337,0.5297640562057495,0.6315221786499023,-0.07379156351089478,0.5593711733818054,0.6277916431427002,-0.062356531620025635,H
0.7652112245559692,0.7043556571006775,7.720018402324058e-08,0.724125325679779,0.6123419404029846,0.007026931270956993,0.6559319496154785,0.5582607388496399,-0.005406437441706657,0.5874521732330322,0.5737693905830383,-0.020203424617648125,0.5481843948364258,0.6078205704689026,-0.03693210333585739,0.6395479440689087,0.4871283173561096,-0.037746891379356384,0.540612518787384,0.48464930057525635,-0.06494984775781631,0.4832104444503784,0.48114919662475586,-0.08421111106872559,0.43488967418670654,0.4751393496990204,-0.09756126999855042,0.6408705711364746,0.5466878414154053,-0.05635980889201164,0.5292479991912842,0.5367763638496399,-0.07914960384368896,0.4668796956539154,0.5286937355995178,-0.09268827736377716,0.41716617345809937,0.5191038846969604,-0.1052829772233963,0.6406316757202148,0.615505576133728,-0.0710831880569458,0.5395160913467407,0.6244936585426331,-0.08963166177272797,0.5701208710670471,0.6424446702003479,-0.07886403053998947,0.6045101284980774,0.6463750004768372,-0.06934159249067307,0.640721321105957,0.6861361265182495,-0.08516379445791245,0.5694912672042847,0.6876375675201416,-0.09529603272676468,0.5927438735961914,0.695426881313324,-0.08115418255329132,0.6206395626068115,0.6938644647598267,-0.0690717101097107,H
0.7663485407829285,0.8054933547973633,1.502441762113449e-07,0.7237618565559387,0.7155646085739136,5.041932672611438e-05,0.6519199013710022,0.67079097032547,-0.016234008595347404,0.5855084657669067,0.6970166563987732,-0.03413195163011551,0.5483450293540955,0.7413827776908875,-0.05437302589416504,0.6332043409347534,0.604480504989624,-0.043175265192985535,0.5317274928092957,0.6124105453491211,-0.07021414488554001,0.4737861454486847,0.6152231097221375,-0.0891604945063591,0.4249260425567627,0.6137392520904541,-0.10181044787168503,0.6359176635742188,0.6706089973449707,-0.06033841520547867,0.5201444029808044,0.6742509007453918,-0.08329091221094131,0.45275479555130005,0.6737769842147827,-0.09670279175043106,0.3979853391647339,0.6714366674423218,-0.10838498175144196,0.6395030617713928,0.7426252961158752,-0.07417888939380646,0.5394161343574524,0.7609313726425171,-0.09677223116159439,0.5692158937454224,0.767717182636261,-0.09001394361257553,0.6028222441673279,0.7668733596801758,-0.0816187933087349,0.6435647010803223,0.8168256282806396,-0.0875164270401001,0.5700609683990479,0.8160361051559448,-0.10132907330989838,0.5918099284172058,0.8154894113540649,-0.08791422843933105,0.6200138926506042,0.8114570379257202,-0.07535345107316971,H
0.7455030679702759,0.6868829131126404,9.689684787872466e-08,0.7049165964126587,0.6001619696617126,0.012745842337608337,0.6455711126327515,0.5537062883377075,0.005793053191155195,0.5872899889945984,0.5590478777885437,-0.005614296533167362,0.5558196902275085,0.5921131372451782,-0.019246041774749756,0.6164597272872925,0.49317800998687744,-0.022220954298973083,0.5258653163909912,0.4941455125808716,-0.04457259550690651,0.47316643595695496,0.49188923835754395,-0.06075620278716087,0.42897576093673706,0.49052751064300537,-0.07153525948524475,0.6158926486968994,0.546710193157196,-0.04157513007521629,0.5161615610122681,0.5434874296188354,-0.061164744198322296,0.45720309019088745,0.5398633480072021,-0.07347600907087326,0.4104912281036377,0.5358907580375671,-0.0835798978805542,0.6161660552024841,0.6106266975402832,-0.05749762803316116,0.5296807289123535,0.6320334076881409,-0.07298338413238525,0.5584884285926819,0.6491472721099854,-0.06401526182889938,0.5891743302345276,0.6513580083847046,-0.05500689893960953,0.6185621023178101,0.67716383934021,-0.07264469563961029,0.5579885244369507,0.6871213912963867,-0.07975391298532486,0.5806542038917542,0.6941630840301514,-0.06636964529752731,0.6052799224853516,0.6903387904167175,-0.0543481819331646,H
0.7923699021339417,0.7912920713424683,1.0947635331604033e-07,0.7562651634216309,0.6983309388160706,0.005423441994935274,0.6924678087234497,0.6435215473175049,-0.005785255692899227,0.6246829628944397,0.6483526229858398,-0.019167641177773476,0.5842036008834839,0.6760181784629822,-0.03452390804886818,0.6721325516700745,0.5853239893913269,-0.03453265503048897,0.5764559507369995,0.5818214416503906,-0.06055831164121628,0.5221273899078369,0.578111469745636,-0.07864978164434433,0.4765934646129608,0.5719284415245056,-0.09020639955997467,0.6714991927146912,0.645338773727417,-0.0512692965567112,0.5640180110931396,0.6325701475143433,-0.07311447709798813,0.5042651891708374,0.6223385334014893,-0.08423269540071487,0.45732247829437256,0.6126982569694519,-0.09360245615243912,0.6712729930877686,0.7127151489257812,-0.06484977155923843,0.5750975012779236,0.7157940864562988,-0.08499263972043991,0.6037132740020752,0.7287020087242126,-0.07484179735183716,0.6371966600418091,0.7328953742980957,-0.06401137262582779,0.6721903085708618,0.7821552157402039,-0.07781811058521271,0.6008627414703369,0.7711919546127319,-0.08948218077421188,0.6228887438774109,0.7764983177185059,-0.07539460062980652,0.6505491733551025,0.7762364745140076,-0.06213705986738205,H
0.8250228762626648,0.6287302374839783,-8.653866956365164e-09,0.7804985046386719,0.5483924150466919,0.009541401639580727,0.7185032367706299,0.49235910177230835,0.0002497461100574583,0.6548483967781067,0.487821102142334,-0.012671520933508873,0.6153990626335144,0.4973263144493103,-0.026090020313858986,0.7072551250457764,0.4112379252910614,-0.02461523935198784,0.6162181496620178,0.4073391556739807,-0.051515642553567886,0.5623620748519897,0.40009650588035583,-0.07203823328018188,0.518047034740448,0.3923266530036926,-0.08687305450439453,0.7134425044059753,0.457734614610672,-0.04385892674326897,0.608565628528595,0.4492276906967163,-0.06904895603656769,0.5474834442138672,0.441114604473114,-0.08594237267971039,0.502906322479248,0.43292808532714844,-0.10078494250774384,0.716015636920929,0.5164551734924316,-0.0601419061422348,0.6176174283027649,0.532563328742981,-0.07767949253320694,0.6437746286392212,0.5622299313545227,-0.06499216705560684,0.6763002276420593,0.5676934719085693,-0.05497920885682106,0.7181792259216309,0.5780437588691711,-0.07630670815706253,0.644738495349884,0.5927736759185791,-0.085952989757061,0.665492057800293,0.6091982126235962,-0.07298143953084946,0.6920388340950012,0.6054270267486572,-0.062240321189165115,H
0.8070207238197327,0.5163649916648865,2.4297508005588497e-08,0.7582011222839355,0.43532273173332214,0.004872789140790701,0.7012094259262085,0.3753003180027008,-0.006825239397585392,0.6447869539260864,0.3659643530845642,-0.022649923339486122,0.6146391034126282,0.38179779052734375,-0.039009083062410355,0.6895937919616699,0.29283687472343445,-0.02198939584195614,0.5967829823493958,0.28966599702835083,-0.049801260232925415,0.5425660014152527,0.2833952009677887,-0.06999948620796204,0.4968465268611908,0.27779820561408997,-0.0840097963809967,0.6979462504386902,0.3275308609008789,-0.04037537798285484,0.594200074672699,0.32418715953826904,-0.06785412132740021,0.5324599146842957,0.32267969846725464,-0.08465313166379929,0.48554670810699463,0.31984513998031616,-0.0975322425365448,0.703196108341217,0.38053399324417114,-0.05717528611421585,0.602476179599762,0.41525977849960327,-0.07975084334611893,0.6260607838630676,0.45434266328811646,-0.07226315140724182,0.6579518914222717,0.46237480640411377,-0.06380344182252884,0.7049505710601807,0.44203054904937744,-0.07414308935403824,0.6288146376609802,0.48160219192504883,-0.08755712956190109,0.6466857194900513,0.5015432834625244,-0.07858630269765854,0.6732668280601501,0.4955105185508728,-0.06975482404232025,H
0.03924231231212616,0.5279988050460815,8.871146519595641e-07,0.08234768360853195,0.44810980558395386,0.01035374216735363,0.14599095284938812,0.3952769637107849,-0.002412649802863598,0.20225226879119873,0.38741904497146606,-0.019777966663241386,0.24634143710136414,0.3924148678779602,-0.035908959805965424,0.17008548974990845,0.33410701155662537,-0.03609336167573929,0.2698094844818115,0.3271288275718689,-0.06365817785263062,0.3258323073387146,0.3205510377883911,-0.07783955335617065,0.36855655908584595,0.3133205771446228,-0.08617038279771805,0.16534747183322906,0.38003090023994446,-0.058343786746263504,0.2836917042732239,0.3670547604560852,-0.09006594121456146,0.34734320640563965,0.36385539174079895,-0.10166290402412415,0.3987034559249878,0.35385486483573914,-0.10855749249458313,0.161444291472435,0.44011521339416504,-0.07653333246707916,0.2675509452819824,0.4671400487422943,-0.09989453852176666,0.23687107861042023,0.48837536573410034,-0.0817183181643486,0.20162631571292877,0.4844132661819458,-0.06461890041828156,0.15614163875579834,0.5056538581848145,-0.09445799887180328,0.2357943207025528,0.5278109908103943,-0.10187005996704102,0.2120451182126999,0.5389111638069153,-0.0803338885307312,0.18243926763534546,0.5317625403404236,-0.06171968951821327,H
0.03989432752132416,0.6503906846046448,8.83778625393461e-07,0.0816914439201355,0.5654719471931458,-0.0003261206147726625,0.155448317527771,0.521787166595459,-0.016372675076127052,0.2196422517299652,0.5425274968147278,-0.03610173985362053,0.26386433839797974,0.5734463334083557,-0.05548964440822601,0.17991630733013153,0.47201669216156006,-0.0363309308886528,0.2777232527732849,0.46657490730285645,-0.06486084312200546,0.340243399143219,0.46476778388023376,-0.0808430016040802,0.3896109461784363,0.4640927314758301,-0.08847838640213013,0.18260352313518524,0.5251234173774719,-0.05429476872086525,0.29919520020484924,0.5082730650901794,-0.0792621299624443,0.3664511442184448,0.4969247281551361,-0.08862756937742233,0.4207105040550232,0.48378339409828186,-0.09298479557037354,0.18199244141578674,0.5918753147125244,-0.07018599659204483,0.2771627902984619,0.6122782826423645,-0.09417062997817993,0.24431808292865753,0.6290812492370605,-0.08155663311481476,0.20647583901882172,0.6303185224533081,-0.06592737883329391,0.17731930315494537,0.66424161195755,-0.08639505505561829,0.2502910792827606,0.6695030927658081,-0.09444407373666763,0.22361744940280914,0.6814262866973877,-0.07361837476491928,0.1934405416250229,0.6832656264305115,-0.054418858140707016,H
0.0366692990064621,0.7576552033424377,7.740104592812713e-07,0.0817079097032547,0.6656839847564697,0.003987900912761688,0.15576279163360596,0.6108746528625488,-0.00881129875779152,0.22029225528240204,0.6103936433792114,-0.025463376194238663,0.27030467987060547,0.6242457032203674,-0.04122268408536911,0.1826082468032837,0.577003538608551,-0.03555732220411301,0.28810012340545654,0.5663284063339233,-0.05882631614804268,0.34689539670944214,0.5577048659324646,-0.06894134730100632,0.39230573177337646,0.549813985824585,-0.07319866865873337,0.1822148710489273,0.6326209902763367,-0.05406075716018677,0.30454322695732117,0.6151081323623657,-0.07682100683450699,0.36946070194244385,0.6002206206321716,-0.08308863639831543,0.42033106088638306,0.5840075016021729,-0.0858943834900856,0.17955832183361053,0.7015959024429321,-0.06955991685390472,0.28853392601013184,0.7101137638092041,-0.09241033345460892,0.25404390692710876,0.7188793420791626,-0.07836224883794785,0.2131860852241516,0.7157924175262451,-0.062344878911972046,0.1731524020433426,0.7755702137947083,-0.08447735756635666,0.25447094440460205,0.7713457345962524,-0.09329996258020401,0.22731095552444458,0.7733516693115234,-0.07304728776216507,0.19282667338848114,0.77107834815979,-0.054181359708309174,H
0.1530677080154419,0.7790888547897339,7.72979035446042e-07,0.1934843510389328,0.685178816318512,0.003847982967272401,0.26692187786102295,0.6437716484069824,-0.007113261613994837,0.3303804397583008,0.6651238799095154,-0.020998837426304817,0.3741123676300049,0.6969319581985474,-0.03442232683300972,0.2954074740409851,0.6097023487091064,-0.03762417659163475,0.40252137184143066,0.5993852615356445,-0.05723859742283821,0.46151381731033325,0.5976276397705078,-0.06545698642730713,0.5076839923858643,0.5938128232955933,-0.06900758296251297,0.30182310938835144,0.6695599555969238,-0.051886286586523056,0.41878601908683777,0.6494035720825195,-0.06742024421691895,0.4811181426048279,0.639308750629425,-0.07069997489452362,0.5296440720558167,0.6295607686042786,-0.07346723228693008,0.30333930253982544,0.7379440665245056,-0.06263718754053116,0.3986208736896515,0.7305810451507568,-0.07583220303058624,0.3658342659473419,0.7359464764595032,-0.05955180898308754,0.32722702622413635,0.7386622428894043,-0.044683750718832016,0.2984831929206848,0.8056405186653137,-0.07341966032981873,0.3676348924636841,0.7898203730583191,-0.07680142670869827,0.34178948402404785,0.7888249754905701,-0.05704871937632561,0.31054210662841797,0.7906138300895691,-0.0398232601583004,H
0.1683504730463028,0.6847667098045349,8.013317938093678e-07,0.21557733416557312,0.59885174036026,0.0019206609576940536,0.29466527700424194,0.5638041496276855,-0.009987986646592617,0.36049309372901917,0.585219144821167,-0.025201920419931412,0.4040451943874359,0.6213659644126892,-0.03985097259283066,0.32887032628059387,0.5269318222999573,-0.03204246237874031,0.42968302965164185,0.5309539437294006,-0.05388814955949783,0.4885970950126648,0.5355583429336548,-0.0642767921090126,0.5336939096450806,0.537847638130188,-0.06858831644058228,0.3290925920009613,0.5802343487739563,-0.04764384403824806,0.44187507033348083,0.5843998789787292,-0.0666394978761673,0.50368332862854,0.5836696624755859,-0.07188641279935837,0.5514823794364929,0.5792798399925232,-0.07438977807760239,0.32453522086143494,0.6452368497848511,-0.06101195514202118,0.4122394919395447,0.6711745858192444,-0.07944747060537338,0.3803461194038391,0.6797482967376709,-0.06794126331806183,0.34471648931503296,0.6777416467666626,-0.05445581674575806,0.3148484230041504,0.7138378620147705,-0.07435788214206696,0.38144075870513916,0.7214096784591675,-0.08022171258926392,0.3545588552951813,0.7246004343032837,-0.06251972913742065,0.32408028841018677,0.7247973680496216,-0.045952294021844864,H
0.13813675940036774,0.5434136390686035,9.589351748218178e-07,0.18532472848892212,0.45703262090682983,0.0029974018689244986,0.26303327083587646,0.42197856307029724,-0.011430911719799042,0.3301074802875519,0.4469318091869354,-0.029098257422447205,0.37819504737854004,0.47880589962005615,-0.04568778723478317,0.2873397469520569,0.36522653698921204,-0.03480948880314827,0.3966563940048218,0.3723718523979187,-0.058985065668821335,0.45684492588043213,0.3823434114456177,-0.07206308841705322,0.502693772315979,0.3897899389266968,-0.0787956714630127,0.28968533873558044,0.41436558961868286,-0.05202481523156166,0.40879684686660767,0.40837207436561584,-0.07218146324157715,0.47646522521972656,0.4095394015312195,-0.07988589257001877,0.5306203365325928,0.40604835748672485,-0.08526469767093658,0.2874707281589508,0.4776448607444763,-0.06632839143276215,0.3822009563446045,0.509402871131897,-0.08192093670368195,0.34984079003334045,0.5283576250076294,-0.06543537229299545,0.3134337365627289,0.5276438593864441,-0.05056760087609291,0.28006213903427124,0.5459173917770386,-0.0813266783952713,0.3481927216053009,0.5684311389923096,-0.085525743663311,0.3230781555175781,0.578523576259613,-0.06476370245218277,0.29514965415000916,0.5755941867828369,-0.04690410569310188,H
0.08671398460865021,0.4765157401561737,8.709508279025613e-07,0.13747470080852509,0.3926723301410675,0.005630063358694315,0.21400314569473267,0.35487812757492065,-0.005572425667196512,0.2740202248096466,0.38027718663215637,-0.02188037894666195,0.31642770767211914,0.41898471117019653,-0.03720793500542641,0.24472926557064056,0.2934044599533081,-0.023100947961211205,0.35048869252204895,0.3018757104873657,-0.047055162489414215,0.4093840718269348,0.3090195655822754,-0.061093371361494064,0.4532344937324524,0.3157345652580261,-0.06929101049900055,0.2449289858341217,0.34075844287872314,-0.04262327030301094,0.3585755527019501,0.33514970541000366,-0.06501441448926926,0.4224262833595276,0.34041792154312134,-0.07578794658184052,0.47216200828552246,0.34181928634643555,-0.08345101028680801,0.24055886268615723,0.4014143645763397,-0.06015224754810333,0.34419453144073486,0.4402088224887848,-0.07914697378873825,0.31493085622787476,0.4645150601863861,-0.06648019701242447,0.27926307916641235,0.4641919732093811,-0.053903352469205856,0.2324659377336502,0.46779364347457886,-0.07821700721979141,0.30165278911590576,0.4962490200996399,-0.0858198031783104,0.2779378890991211,0.5069478154182434,-0.06935323774814606,0.24920183420181274,0.501484215259552,-0.05458682402968407,H
0.1321730762720108,0.5711036324501038,9.030045475810766e-07,0.18162202835083008,0.48629438877105713,0.0018275878392159939,0.25990843772888184,0.4575371742248535,-0.012848912738263607,0.3229449391365051,0.49358081817626953,-0.03154180943965912,0.36703911423683167,0.5380232334136963,-0.0497068352997303,0.2909245193004608,0.4015519618988037,-0.03020351752638817,0.3935239613056183,0.4135041832923889,-0.0551912747323513,0.4553712010383606,0.4202043414115906,-0.07101437449455261,0.5043114423751831,0.42486801743507385,-0.08015917241573334,0.2920383810997009,0.45241475105285645,-0.04823710396885872,0.40213045477867126,0.45345187187194824,-0.07078536599874496,0.471004456281662,0.45653286576271057,-0.08163204044103622,0.5266174077987671,0.45663610100746155,-0.0886739194393158,0.2890244424343109,0.5170754194259644,-0.06396320462226868,0.3769785165786743,0.5522541999816895,-0.08314865082502365,0.3443756401538849,0.5666923522949219,-0.06996336579322815,0.30715590715408325,0.5640860795974731,-0.056161005049943924,0.28161004185676575,0.5863950848579407,-0.0804043784737587,0.3492896556854248,0.6030174493789673,-0.08622889965772629,0.32284748554229736,0.6103341579437256,-0.06556262075901031,0.2924089729785919,0.6083948016166687,-0.04743368923664093,H
0.1402994990348816,0.780154824256897,8.043140837799001e-07,0.18200334906578064,0.684108555316925,0.003061253111809492,0.25618264079093933,0.6388518810272217,-0.009100074879825115,0.31984567642211914,0.6558298468589783,-0.02446753717958927,0.36481398344039917,0.6850782632827759,-0.03906072676181793,0.2825556695461273,0.6024516224861145,-0.03955068439245224,0.3930665850639343,0.5912234783172607,-0.06203221157193184,0.45428261160850525,0.5894649028778076,-0.07154686003923416,0.5019568204879761,0.585064709186554,-0.07556567341089249,0.28719067573547363,0.6626888513565063,-0.054643213748931885,0.4082307815551758,0.6416797637939453,-0.07409776002168655,0.47358638048171997,0.6327512264251709,-0.07865141332149506,0.5236862897872925,0.6239228844642639,-0.08163831382989883,0.2888067960739136,0.7329187989234924,-0.0664542093873024,0.3866913914680481,0.7270735502243042,-0.08355837315320969,0.3534791171550751,0.7346996068954468,-0.06788839399814606,0.31425055861473083,0.7381944060325623,-0.052403099834918976,0.28524771332740784,0.8030323386192322,-0.07827336341142654,0.3559354841709137,0.7863354086875916,-0.08385537564754486,0.32951870560646057,0.785676896572113,-0.06439026445150375,0.2973974347114563,0.7875490784645081,-0.04692331328988075,H
0.1633903682231903,0.8261322975158691,7.32970306671632e-07,0.2075296938419342,0.7271513342857361,0.0025912700220942497,0.28410834074020386,0.6884406805038452,-0.007087905891239643,0.3508220911026001,0.7122330069541931,-0.018360301852226257,0.3938043713569641,0.7448296546936035,-0.0293706264346838,0.3164038062095642,0.6633584499359131,-0.0395929217338562,0.42503970861434937,0.6636185050010681,-0.05672352761030197,0.4827256500720978,0.6664811372756958,-0.06300243735313416,0.5281287431716919,0.6658380627632141,-0.06542053073644638,0.31951943039894104,0.7308771014213562,-0.0515722930431366,0.43769916892051697,0.7209880352020264,-0.06519340723752975,0.4995405077934265,0.7148640751838684,-0.06758138537406921,0.5481567978858948,0.7076804637908936,-0.06986720114946365,0.31686675548553467,0.8035123348236084,-0.059664368629455566,0.4144824147224426,0.7913028597831726,-0.07328744232654572,0.3825218677520752,0.7896581292152405,-0.058639731258153915,0.34472939372062683,0.7900609374046326,-0.044600002467632294,0.30788543820381165,0.8712116479873657,-0.06722427159547806,0.3761001229286194,0.8464888334274292,-0.07224011421203613,0.35021770000457764,0.8384377956390381,-0.053629446774721146,0.31863418221473694,0.8399605751037598,-0.03664151951670647,H
0.1278361678123474,0.659454345703125,8.35671301047114e-07,0.17611390352249146,0.5754206776618958,0.001453897450119257,0.25714200735092163,0.5418955683708191,-0.008944201283156872,0.3221980631351471,0.5643388628959656,-0.022321103140711784,0.3648049831390381,0.5997318625450134,-0.03475393354892731,0.28895998001098633,0.49688196182250977,-0.02686631679534912,0.39115214347839355,0.5084709525108337,-0.04848182573914528,0.45112287998199463,0.5169723033905029,-0.05929401516914368,0.4955628216266632,0.5255522727966309,-0.06377609819173813,0.28940069675445557,0.5496816039085388,-0.042193226516246796,0.4022480249404907,0.5423485040664673,-0.062414273619651794,0.46383053064346313,0.5423741340637207,-0.06981256604194641,0.5124871730804443,0.5421057939529419,-0.07260768860578537,0.2864035964012146,0.6170827150344849,-0.05531670153141022,0.373719185590744,0.6462914347648621,-0.07560412585735321,0.34227269887924194,0.6580241918563843,-0.0641142874956131,0.3075224757194519,0.6557548642158508,-0.04944656789302826,0.2779499590396881,0.6883329153060913,-0.06848771870136261,0.34251299500465393,0.6993617415428162,-0.07542239129543304,0.31510382890701294,0.7039932608604431,-0.056594375520944595,0.2855553925037384,0.7024823427200317,-0.03837152570486069,H
0.12941965460777283,0.5485666990280151,8.946341836235661e-07,0.18109871447086334,0.46603211760520935,0.003950449638068676,0.2624356746673584,0.4392860233783722,-0.009635303169488907,0.32617929577827454,0.47589194774627686,-0.027781125158071518,0.3694480359554291,0.5183489322662354,-0.04511290416121483,0.2944408059120178,0.3784481883049011,-0.02800743095576763,0.40174347162246704,0.3912949860095978,-0.051267847418785095,0.4627876281738281,0.3998048007488251,-0.06426016986370087,0.5107569098472595,0.4046577215194702,-0.07124598324298859,0.29385486245155334,0.4269920587539673,-0.04653385281562805,0.4084056317806244,0.43252164125442505,-0.06694190949201584,0.47484153509140015,0.43961620330810547,-0.07499563694000244,0.5282988548278809,0.4414544999599457,-0.08038579672574997,0.28865838050842285,0.4893632233142853,-0.06286290287971497,0.3790292739868164,0.5296712517738342,-0.08092407137155533,0.34591174125671387,0.5466570854187012,-0.06761831790208817,0.3094133734703064,0.5436128377914429,-0.05411548539996147,0.2784741520881653,0.5571581125259399,-0.0796767920255661,0.3476182222366333,0.5824395418167114,-0.0848274677991867,0.3205217123031616,0.5913113355636597,-0.06561079621315002,0.29065120220184326,0.5878486037254333,-0.04889935255050659,H
0.057898372411727905,0.5281950235366821,9.302349326389958e-07,0.10820385813713074,0.44040971994400024,0.010013573803007603,0.18407252430915833,0.40355318784713745,-0.0024776349309831858,0.2473839521408081,0.4280208349227905,-0.01995999552309513,0.29442280530929565,0.4608820676803589,-0.0368775799870491,0.21641722321510315,0.3376629948616028,-0.03097042813897133,0.328061580657959,0.3463074564933777,-0.05536544695496559,0.3897533416748047,0.35131800174713135,-0.069011390209198,0.4366717040538788,0.3524305820465088,-0.07650735229253769,0.21465307474136353,0.38865894079208374,-0.05173555016517639,0.3390055298805237,0.38735711574554443,-0.07467200607061386,0.40649133920669556,0.39043956995010376,-0.08308923989534378,0.45947545766830444,0.386739045381546,-0.08863388001918793,0.20941156148910522,0.4538217782974243,-0.06889831274747849,0.31236204504966736,0.47749507427215576,-0.08568838238716125,0.2815967798233032,0.496133029460907,-0.06765427440404892,0.245895117521286,0.49457642436027527,-0.05120853707194328,0.19974203407764435,0.5256472826004028,-0.08587370067834854,0.2804279625415802,0.5383555293083191,-0.087636299431324,0.2570931315422058,0.5467540621757507,-0.06309446692466736,0.22754943370819092,0.5445638298988342,-0.0425398014485836,H
0.06786739826202393,0.47714880108833313,9.946248837877647e-07,0.11703543365001678,0.3898123502731323,0.010797945782542229,0.19289658963680267,0.34841638803482056,-0.0028250685427337885,0.25362342596054077,0.36773067712783813,-0.02170688845217228,0.2986486852169037,0.4002622961997986,-0.03964592143893242,0.23159722983837128,0.28293973207473755,-0.036930330097675323,0.3463597595691681,0.29028594493865967,-0.06478656083345413,0.4104056656360626,0.2969280481338501,-0.08005215972661972,0.4592084586620331,0.3013830780982971,-0.08908921480178833,0.22870229184627533,0.3342203199863434,-0.05966223031282425,0.3558601140975952,0.32902124524116516,-0.08959375321865082,0.4269305467605591,0.33321717381477356,-0.10217782855033875,0.4831639528274536,0.33141911029815674,-0.11064749211072922,0.22120830416679382,0.3991584777832031,-0.07794227451086044,0.3309879004955292,0.43038809299468994,-0.09780886769294739,0.2977559566497803,0.4554097652435303,-0.07705381512641907,0.25958555936813354,0.45380935072898865,-0.058726053684949875,0.20958557724952698,0.4692743122577667,-0.0962972491979599,0.2879788875579834,0.49200040102005005,-0.10012292861938477,0.26314717531204224,0.5033405423164368,-0.07546891272068024,0.23198147118091583,0.4963890314102173,-0.05475223436951637,H
0.13437604904174805,0.643610954284668,9.056565204446088e-07,0.18510958552360535,0.5563857555389404,0.0031786744948476553,0.2658242881298065,0.5214283466339111,-0.00954126100987196,0.3295932412147522,0.5447681546211243,-0.02628154866397381,0.37315833568573,0.5789716839790344,-0.04223094880580902,0.2973126173019409,0.4747941792011261,-0.031797800213098526,0.40605825185775757,0.4804302752017975,-0.0571313351392746,0.4702324867248535,0.4847731292247772,-0.07009697705507278,0.517668604850769,0.4884234666824341,-0.07577218860387802,0.2957763075828552,0.5290259718894958,-0.049795493483543396,0.4187110960483551,0.5276951193809509,-0.07373659312725067,0.4873887598514557,0.5299593210220337,-0.08175156265497208,0.5400595664978027,0.529702365398407,-0.0845414325594902,0.29072341322898865,0.597832977771759,-0.06519488990306854,0.38596850633621216,0.6277735829353333,-0.08651325851678848,0.3529532849788666,0.6391738653182983,-0.07213650643825531,0.3160812556743622,0.6353393197059631,-0.05547887086868286,0.28088197112083435,0.67063969373703,-0.08071257919073105,0.3547336459159851,0.6855130195617676,-0.08671898394823074,0.32694369554519653,0.6905715465545654,-0.06438301503658295,0.2954879701137543,0.6875691413879395,-0.04378500208258629,H
0.14496617019176483,0.8171613216400146,7.543486049144121e-07,0.19437113404273987,0.7207618951797485,0.003939794842153788,0.2744034230709076,0.6775570511817932,-0.006990671623498201,0.3394010663032532,0.6939930319786072,-0.021318774670362473,0.3828960061073303,0.7261450886726379,-0.035311706364154816,0.3103204071521759,0.6471372842788696,-0.03668099269270897,0.42197030782699585,0.6485702991485596,-0.0575154647231102,0.4834698438644409,0.6488854289054871,-0.06562818586826324,0.5311846137046814,0.6459163427352905,-0.06841278076171875,0.3112179934978485,0.7107715606689453,-0.05268382281064987,0.4354279339313507,0.7026719450950623,-0.07132396101951599,0.5025919079780579,0.6955569982528687,-0.07516899704933167,0.5556808114051819,0.6864275336265564,-0.07641289383172989,0.3075985908508301,0.7844600081443787,-0.06533870100975037,0.40998148918151855,0.7854912281036377,-0.0845809280872345,0.37588995695114136,0.788409948348999,-0.07074084877967834,0.3370986878871918,0.7873527407646179,-0.05480808764696121,0.2976231276988983,0.8599404692649841,-0.07739902287721634,0.37273719906806946,0.8482104539871216,-0.08408503234386444,0.3436225652694702,0.8468208312988281,-0.06382130086421967,0.30964764952659607,0.8494775295257568,-0.044568825513124466,H
0.219396710395813,0.7225387096405029,7.788074753989349e-07,0.26566416025161743,0.626774251461029,0.010019976645708084,0.3384498655796051,0.585333526134491,0.003111897734925151,0.4006732702255249,0.6003119349479675,-0.007290082052350044,0.4424525499343872,0.6286805272102356,-0.01780620776116848,0.3775792717933655,0.5548750162124634,-0.026907704770565033,0.4781741201877594,0.5581651329994202,-0.042307641357183456,0.5354136228561401,0.5581785440444946,-0.049138426780700684,0.5799954533576965,0.5530876517295837,-0.051886335015296936,0.3802499771118164,0.6146584749221802,-0.04234703630208969,0.4930945634841919,0.6150680780410767,-0.053412940353155136,0.5566773414611816,0.608881950378418,-0.055525340139865875,0.6076186895370483,0.5994777679443359,-0.05734728276729584,0.3767251968383789,0.6838161945343018,-0.05388907715678215,0.4629964828491211,0.6890560388565063,-0.06286144256591797,0.4326346218585968,0.693418025970459,-0.047259632498025894,0.3980969488620758,0.6949783563613892,-0.03337051346898079,0.3670762777328491,0.7547886967658997,-0.06477445363998413,0.43183162808418274,0.7471659779548645,-0.06414683908224106,0.4024054706096649,0.7482877373695374,-0.04272439703345299,0.3716525733470917,0.752515435218811,-0.024432124570012093,H
0.23620536923408508,0.6277266144752502,5.986439077787509e-07,0.2882272005081177,0.5331020355224609,0.00795627199113369,0.3643646836280823,0.4943837523460388,0.0027635509613901377,0.427947998046875,0.50654137134552,-0.0047248052433133125,0.4699331521987915,0.5330091118812561,-0.012089166790246964,0.4017414450645447,0.46804672479629517,-0.015488098375499249,0.49959978461265564,0.477350652217865,-0.030072500929236412,0.5555651187896729,0.4855725169181824,-0.03728020191192627,0.5972382426261902,0.4899442195892334,-0.04020916298031807,0.40382078289985657,0.5240738391876221,-0.029207929968833923,0.5110019445419312,0.535715639591217,-0.037638865411281586,0.567493736743927,0.5338916182518005,-0.038651976734399796,0.6080682873725891,0.5279437303543091,-0.03913304954767227,0.40003111958503723,0.5888817310333252,-0.04135444760322571,0.4926632046699524,0.6102345585823059,-0.04534374549984932,0.5306977033615112,0.6030609607696533,-0.038203805685043335,0.5533773303031921,0.5880087018013,-0.03335670009255409,0.388980507850647,0.6549161672592163,-0.0533394031226635,0.45638981461524963,0.6641644835472107,-0.04932735115289688,0.4787413477897644,0.6537559032440186,-0.0361889973282814,0.49206602573394775,0.6370872855186462,-0.026157395914196968,H
0.164866104722023,0.46116432547569275,9.031052172758791e-07,0.21367806196212769,0.3801261782646179,0.010364076122641563,0.2911265790462494,0.34420889616012573,0.0007141641690395772,0.35264015197753906,0.3663885295391083,-0.01457240991294384,0.39575979113578796,0.4004519283771515,-0.029528725892305374,0.3286963701248169,0.2853604555130005,-0.01852310635149479,0.42945531010627747,0.30833911895751953,-0.04352547600865364,0.48911166191101074,0.32473206520080566,-0.05794878676533699,0.5330051183700562,0.33800026774406433,-0.06478847563266754,0.3305429518222809,0.3255425989627838,-0.040240734815597534,0.44719767570495605,0.3296942710876465,-0.06221659481525421,0.5125637650489807,0.3368624746799469,-0.07036066800355911,0.565039873123169,0.339666485786438,-0.07356107980012894,0.32624250650405884,0.38326460123062134,-0.0596323236823082,0.4067220091819763,0.4358829855918884,-0.07678194344043732,0.37635496258735657,0.45367610454559326,-0.06294585019350052,0.3446768820285797,0.4501475989818573,-0.04803573340177536,0.3155696392059326,0.44969457387924194,-0.07923071086406708,0.37521660327911377,0.4856511056423187,-0.07998887449502945,0.34921762347221375,0.497494637966156,-0.057575616985559464,0.323947548866272,0.49600452184677124,-0.03822963684797287,H
0.11406655609607697,0.372085303068161,9.170545922643214e-07,0.16528761386871338,0.29433903098106384,0.012149534188210964,0.24174150824546814,0.245229572057724,0.004079832229763269,0.30222287774086,0.25629520416259766,-0.011096679605543613,0.3455088436603546,0.2760593295097351,-0.025230905041098595,0.2691955864429474,0.17190296947956085,-0.007223829627037048,0.3705809712409973,0.1720653921365738,-0.032823026180267334,0.43153634667396545,0.1779458224773407,-0.048808641731739044,0.4745771884918213,0.18409599363803864,-0.057916827499866486,0.26774317026138306,0.20358824729919434,-0.031484536826610565,0.38029637932777405,0.19667628407478333,-0.057145003229379654,0.44412198662757874,0.20689401030540466,-0.0691666528582573,0.4926093816757202,0.21269641816616058,-0.07524963468313217,0.2631385028362274,0.25418388843536377,-0.054604269564151764,0.3571113049983978,0.3060193359851837,-0.07620694488286972,0.3304018974304199,0.34036028385162354,-0.06531211733818054,0.3000834286212921,0.34185245633125305,-0.052684132009744644,0.2565253973007202,0.3188342750072479,-0.07805848866701126,0.3249611258506775,0.3664058446884155,-0.08566737920045853,0.30009540915489197,0.38562169671058655,-0.06928319483995438,0.27373385429382324,0.3794865906238556,-0.05425513908267021,H
0.6578494906425476,0.7396831512451172,3.766245981751126e-07,0.6212359666824341,0.6434779763221741,0.011063034646213055,0.5591663122177124,0.5945888757705688,0.004201431758701801,0.4996151328086853,0.5988175868988037,-0.006144798826426268,0.4631195664405823,0.638019323348999,-0.019214576110243797,0.521808922290802,0.5596104860305786,-0.030334558337926865,0.41420045495033264,0.5492979884147644,-0.04828127846121788,0.3591703474521637,0.5402794480323792,-0.056730836629867554,0.31379345059394836,0.5309814214706421,-0.059759579598903656,0.5114163756370544,0.6224912405014038,-0.04600410908460617,0.397335410118103,0.6059046387672424,-0.05953286215662956,0.3332619071006775,0.5911083817481995,-0.06374360620975494,0.28495994210243225,0.5775608420372009,-0.06628675013780594,0.5069016218185425,0.6926405429840088,-0.057526346296072006,0.42254018783569336,0.6906386613845825,-0.06949960440397263,0.4507397413253784,0.6997794508934021,-0.058513347059488297,0.48237815499305725,0.7062655091285706,-0.04632094129920006,0.5080310702323914,0.7628833055496216,-0.06787282973527908,0.4489036500453949,0.7437428832054138,-0.07052016258239746,0.47203880548477173,0.7444605231285095,-0.05297475308179855,0.4966997802257538,0.7463167905807495,-0.036825817078351974,H
0.6977289915084839,0.6030603647232056,2.3858697772993764e-07,0.6591664552688599,0.5068041086196899,0.015489877201616764,0.5979844927787781,0.45955541729927063,0.009222074411809444,0.5387884974479675,0.47069573402404785,-0.0014388046693056822,0.5053631663322449,0.5140535831451416,-0.015569466166198254,0.5657363533973694,0.4098564386367798,-0.025888215750455856,0.4673815071582794,0.4000653624534607,-0.04552261903882027,0.4134747385978699,0.3928622901439667,-0.05777790769934654,0.36917799711227417,0.386294960975647,-0.06461247056722641,0.5558847784996033,0.47218194603919983,-0.04499879106879234,0.4498780369758606,0.45834872126579285,-0.05934084579348564,0.3898490071296692,0.4489210247993469,-0.06642334908246994,0.34295645356178284,0.439286470413208,-0.07227135449647903,0.5510922074317932,0.5418769717216492,-0.059763986617326736,0.46747028827667236,0.5485625267028809,-0.07093434035778046,0.4955529272556305,0.5647531747817993,-0.06049920618534088,0.5265620946884155,0.5713720321655273,-0.05029528960585594,0.5515502691268921,0.6136372685432434,-0.07314867526292801,0.49127277731895447,0.60841965675354,-0.07566054910421371,0.5146298408508301,0.6146113276481628,-0.058506086468696594,0.5398895144462585,0.6151419878005981,-0.04350447654724121,H
0.717154860496521,0.46793296933174133,6.530376595037524e-08,0.6770906448364258,0.36942678689956665,0.01968914270401001,0.621330738067627,0.3095032870769501,0.013711139559745789,0.5641340017318726,0.3030201494693756,0.0008032973855733871,0.5301353335380554,0.3329448103904724,-0.014755252748727798,0.5809967517852783,0.24462303519248962,-0.016868414357304573,0.47818249464035034,0.23844635486602783,-0.03774285316467285,0.4207279682159424,0.2300107777118683,-0.051672451198101044,0.3725970387458801,0.22301968932151794,-0.06154473498463631,0.5775653123855591,0.2957572042942047,-0.04152115061879158,0.46213313937187195,0.29427409172058105,-0.061062514781951904,0.4009799361228943,0.2893878221511841,-0.0725705474615097,0.353456974029541,0.279369592666626,-0.08266190439462662,0.5757430195808411,0.362576961517334,-0.0622919462621212,0.48119407892227173,0.39336463809013367,-0.07633092254400253,0.5138841867446899,0.41958463191986084,-0.0655105859041214,0.5467047691345215,0.4210844337940216,-0.05644598975777626,0.5749359726905823,0.4341239333152771,-0.08208177983760834,0.5118793249130249,0.4556383192539215,-0.0888669565320015,0.5391182899475098,0.469258189201355,-0.07525518536567688,0.5651504397392273,0.46581393480300903,-0.0636054202914238,H
0.6961354613304138,0.8605290651321411,3.0145724849717226e-07,0.6582255959510803,0.7661350965499878,-0.0005666015204042196,0.5876400470733643,0.7119187712669373,-0.014400968328118324,0.5181331038475037,0.7211527824401855,-0.029576711356639862,0.475729376077652,0.7632384896278381,-0.046486180275678635,0.5635424256324768,0.6665388345718384,-0.04272161424160004,0.458248496055603,0.6595683097839355,-0.06852256506681442,0.40155482292175293,0.6533027291297913,-0.0842699259519577,0.3529573380947113,0.6447948813438416,-0.09364226460456848,0.5562182068824768,0.7346789836883545,-0.05750847980380058,0.44084787368774414,0.720930278301239,-0.08080935478210449,0.3749924302101135,0.7062451243400574,-0.09037010371685028,0.32178616523742676,0.6919723153114319,-0.09768029302358627,0.551996111869812,0.8083508610725403,-0.06934854388237,0.45698288083076477,0.7960127592086792,-0.09301906079053879,0.48809781670570374,0.8031071424484253,-0.0820271223783493,0.5216346979141235,0.8104565143585205,-0.06886594742536545,0.5516483187675476,0.8815958499908447,-0.08101829886436462,0.48533132672309875,0.8504267930984497,-0.09468278288841248,0.510342001914978,0.8499850630760193,-0.07960262894630432,0.5375611782073975,0.853796124458313,-0.06482367217540741,H
0.7513334155082703,0.6565653681755066,1.9866365619236603e-07,0.7108575701713562,0.5671851634979248,0.008931763470172882,0.6441235542297363,0.5258781909942627,-0.00011651207751128823,0.5779398083686829,0.5491697788238525,-0.01241027656942606,0.5420767068862915,0.5918315649032593,-0.026461629197001457,0.6206820607185364,0.46249091625213623,-0.027397338300943375,0.5250627994537354,0.4642753005027771,-0.05086934566497803,0.47185641527175903,0.46046289801597595,-0.06686224788427353,0.4274541437625885,0.4545101821422577,-0.07693664729595184,0.6163252592086792,0.5227287411689758,-0.0450189970433712,0.5126457810401917,0.5144062042236328,-0.06509263068437576,0.4544040560722351,0.5042387843132019,-0.07590588927268982,0.4075169563293457,0.49279311299324036,-0.08443935215473175,0.6143544316291809,0.5897844433784485,-0.059308890253305435,0.5275012254714966,0.5984154343605042,-0.0771956667304039,0.5561303496360779,0.6155455112457275,-0.06744132936000824,0.5862504243850708,0.622024416923523,-0.05662929639220238,0.6156376600265503,0.6581447124481201,-0.07282630354166031,0.5567551851272583,0.6536810398101807,-0.08033058047294617,0.5790196657180786,0.660552978515625,-0.06556331366300583,0.6024528741836548,0.6606472730636597,-0.05215015262365341,H
